Epitope_ID,PDB,Heavy_chain,CDRH3,Light_chain,CDRL3
164069,1G9N,QVQLLESGAEVKKPGSSVKVSCKASGDTFIRYSFTWVRQAPGQGLEWMGRIITILDVAHYAPHLQGRVTITADKSTSTVYLELRNLRSDDTAVYFCAGVYEGEADEGEYRNNGFLKHWGQGTLVTVTS,AGVYEGEADEGEYRNNGFLKH,ELELTQSPATLSVSPGERATLSCRASESVSSDLAWYQQKPGQAPRLLIYGASTRATGVPARFSGSGSGAEFTLTISSLQSEDFAVYYCQQYNNWPPRYTFGQGTRLEIK,QQYNNWPPRYT
164067,2I5Y,EVQLVESGAEVKKPGSSVKVSCKASGDTFIRYSFTWVRQAPGQGLEWMGRIITILDVAHYAPHLQGRVTITADKSTSTVYLELRNLRSDDTAVYFCAGVYEGEADEGEYDNNGFLKHWGQGTLVTVSS,AGVYEGEADEGEYDNNGFLKH,DIVMTQSPATLSVSPGERATLSCRASESVSSDLAWYQQKPGQAPRLLIYGASTRATGVPARFSGSGSGAEFTLTISSLQSEDFAVYYCQQYNNWPPRYTFGQGTRLEIK,QQYNNWPPRYT
164078,3MAC,QVQLVQSGAEVKKPGSSVKVSCKASGGTFNSYAFSWVRQAPGQGLEWMGSIIPLFGFVVYAQKFQGRVTITADESTSTAYMELSSLRSEDTAVYYCARYFDTYNNYGFANWGQGTLVTVSS,ARYFDTYNNYGFAN,DIELTQPPSVSVVPGQTARISCSGDNIPYEYASWYQQKPGQAPVLVIYGDNNRPSGIPERFSGSNSGNTATLTISGTQAEDEADYYCASWDSMTVDGVFGGGTKLTVL,ASWDSMTVDGV
164079,3MA9,QVQLVQSGAEVKKPGSSVKVSCKASGGTFNSYAFSWVRQAPGQGLEWMGSIIPIFGTTNYAQKFQGRVTITADESTSTAYMELSSLRSEDTAVYYCARYFDTYNNYGFANWGQGTLVTVSS,ARYFDTYNNYGFAN,DIELTQPPSVSVVPGQTARISCSGDNIPYEYASWYQQKPGQAPVLVIYGDNNRPSGIPERFSGSNSGNTATLTISGTQAEDEADYYCASWDSMTVDGVFGGGTKLTVL,ASWDSMTVDGV
738088,6AZZ,QVQLVQSGAEVKKPGASVKVSCKTSGYTFTDYYIHWVRQAPGQGLEWMGWINPTDGGTNYAQKFQDWVTMTRDTSITTAYMELSRLRSDGTAVYFCARDRITTAAPFDYWGQGTLVTVSS,ARDRITTAAPFDY,SYVLTQPPSVSVAPGQTARITCGGSNIGSKSVHWYQQKPGQTPMLVIYYDYDRPSGIPERFSGSNSGSTATLTISRVEAGDEADYYCQVWDSSSDHVWVFGGGTTLTVL,QVWDSSSDHVWV
738089,6B08,QVQLVQSGPEVKKPGASVKVSCKASGYTFTDYYIHWVRQAPGQGLEWMGWINPNSGGTNYAQNFQDWVTMTRDTSITTAYMELSSLRSDDTAVYYCARDRITTAAPFDYWGQGTLVTVSS,ARDRITTAAPFDY,SYVLTQPPSVSVAPGKTAKITCGGNNIGSKSVHWYQQKPGQAPVLVMYYDFDRPSGIPERFSGSNSGNTATLTISRVEAEDEADYYCQVWDSDRYWVFGGGTKLTVL,QVWDSDRYWV
738090,6B0H,QVQLQESGPGLVKPSGTLSLTCAVSGGSISSSHWWSWVRQPPGKGLEWVGEISLSGSTHYGPSLKSRVSISLDKSMNHFSLRLSSVTAADTAVYYCARESRFYGAYFDYWGQGTLVTVSS,ARESRFYGAYFDY,DIQLTQSPSFLSASVGDRVTITCWASQGINSYLAWYQQKPGKTPKLLIYAASTLQSGVPSRFSGSGSGTEFTLTISSLQPEDFATYYCQQLNSYPCSFGQGTTLEIK,QQLNSYPCS
738086,6B0G,QVQLVQSGGEVKKPGASVKVSCKASGYTFTSYGISWVRQAPGQGLEWMGWISAYNGNRKYAQKVQGRVSMTIDTHTSTANMELRSLRSDDTAVYYCAKDRGDGDYRYYYYGMDVWGQGTTVTVSS,AKDRGDGDYRYYYYGMDV,DVVMTQSPLSLPVTLGQPASISCRSSQSLVYSDGNTYLSWFQQRPGQSPRRLIYKVSNRDSGVPDRFSGSGSGTDFTLKISRVEAEDVGVYYCMQDTHWPPTFGGGTKVEIK,MQDTHWPPT
738087,6B0E,QVQLVQSGAEVKKPGASVKVSCRASGYIFTSYGFSWVRQAPGQGLEWMGWISAYNGNTDYSQKLQGRVTMTTDTSTNTVYMELRTLQSDDTAVYYCARDRGDRLYYYYYYGMDVWGQGTTVTVSS,ARDRGDRLYYYYYYGMDV,DVVMTQSPLSLPVTLGQPASISCRSSQSLVYSDGNTYLNWFQQGPGQSPRRLIYKVSNRDSGVPDRFSGSGSGTDFTLKISRVEAEDVGVYYCMQATHWPLTFGGGTKVEIK,MQATHWPLT
745538,6AYZ,EVQLVESGGGLVQPGGSLRLSCAASGFNVSYYSIHWVRQAPGKGLEWVASIYPYYGSTSYADSVKGRFTISADTSKNTAYLQMNSLRAEDTAVYYCARGYGWALDYWGQGTLVTVSS,ARGYGWALDY,DIQMTQSPSSLSASVGDRVTITCRASQSVSSAVAWYQQKPGKAPKLLIYSASSLYSGVPSRFSGSRSGTDFTLTISSLQPEDFATYYCQQDGWSLITFGQGTKVEIK,QQDGWSLIT
745539,5UCB,EVQLVESGGGLVQPGGSLRLSCAASGFNVSYYSIHWVRQAPGKGLEWVASIYPYYGSTSYADSVKGRFTISADTSKNTAYLQMNSLRAEDTAVYYCARGYGWALDYWGQGTLVTVFN,ARGYGWALDY,QMTQSPSSLSASVGDRVTITCRASQSVSSAVAWYQQKPGKAPKLLIYSASSLYSGVPSRFSGSRSGTDYTLTISSLQPEDFATYYCQQDGWSLITFGQGTKVEIK,QQDGWSLIT
745536,5UEA,EVQLVESGGGLVQPGGSLRLSCAASGFNVSYSSIHWVRQAPGKGLEWVAYIYPSSGYTSYADSVKGRFTISADTSKNTAYLQMNSLRAEDTAVYYCARSYSTKLAMDYWGQGTLVTVVS,ARSYSTKLAMDY,DIQMTQSPSSLSASVGDRVTITCRASQSVSSAVAWYQQKPGKAPKLLIYSASSLYSGVPSRFSGSRSGTDFTLTISSLQPEDFATYYCQQSQWYPITFGQGTKVEIK,QQSQWYPIT
745537,6AZ2,EVQLVESGGGLVQPGGSLRLSCAASGFNVSYSSIHWVRQAPGKGLEWVAYIYPSSGYTSYADSVKGRFTISADTSKNTAYLQMNSLRAEDTAVYYCARSYSTKLAMDYWGQGTLVTVFN,ARSYSTKLAMDY,DIQMTQSPSSLSASVGDRVTITCRASQSVSSAVAWYQQKPGKAPKLLIYSASSLYSGVPSRFSGSRSGTDFTLTISSLQPEDFATYYCQQSQWYPITFGQGTKVEIK,QQSQWYPIT
969167,6Q0E,QVQLQESGPGLVKPSGTLSLTCAVSGGSISSSNWWSWVRQPPGKGLEWIGEIYHSGSTNYNPSLKSRVTISVDKSKNQFSLKLSSVTAADTAVYYCARAPPYCSSTSCPDDYYYYYMDVWGKGTTVTVSG,ARAPPYCSSTSCPDDYYYYYMDV,SSELTQDPAVSVALGQTVRITCQGDSLRSYYASWYQQKPGQAPVLVIYGKNNRPSGIPDRFSGSSSGNTASLTITGAQAEDEADYYCNSRDSSGNHPVVFGGGTKLTVL,NSRDSSGNHPVV
969166,6Q0H,QVQLQESGPGLVKPSGTLSLTCAVSGGSISSSNWWSWVRQPPGKGLEWIGEIYHGGSTNYNPSLKSRVTISVDKSKNQFSLKLSSVTAADTAVYYCARAPPYCTSASCPDDYYYYYMDVWGKGTTVTVSG,ARAPPYCTSASCPDDYYYYYMDV,SSELTQDPAVSVALGQTVRITCQGDSLRGYYASWYQQKPGQAPVLVIYGKNNRPSGIPDRFSGSSSGNTASLTITGAQAEDEADYYCNSRDSSGNHPVVFGGGTKLTVL,NSRDSSGNHPVV
969168,6Q18,QVQLQESGPGLVKPSGTLSLTCAISGGSISSSNWWTWVRQPPGKGLQWIGEIQHGGGTNYNPSLKSRATIFVDVSKNHFSLRLSSVTAADTAVYYCAKVPPYCTSASCPDDYYYHYMDVWGKGTTVTVSG,AKVPPYCTSASCPDDYYYHYMDV,SSELTQDPAVSVALGQTVRITCQGDSLRGYSASWYQLKPGQAPVLVIYGKNNRPSGIPDRFSGSTSGNRASLIITGTQAEDEADYYCNSRDTNGYRPVLFGGGTKLTVL,NSRDTNGYRPVL
1075136,7BZ5,EVQLVESGGGLVQPGGSLRLSCAASGFIVSSNYMSWVRQAPGKGLEWVSVIYSGGSTYYADSVKGRFTISRHNSKNTLYLQMNSLRAEDTAVYYCAREAYGMDVWGQGTTVTVSS,AREAYGMDV,DIVMTQSPSFLSASVGDRVTITCRASQGISSYLAWYQQKPGKAPKLLIYAASTLQSGVPSRFSGSGSGTEFTLTISSLQPEDFATYYCQQLNSYPPYTFGQGTKLEIK,QQLNSYPPYT
1083498,7C01,EVQLVESGGGLVQPGGSLRLSCAASGFTVSSNYMSWVRQAPGKGLEWVSVIYSGGSTFYADSVKGRFTISRDNSMNTLFLQMNSLRAEDTAVYYCARVLPMYGDYLDYWGQGTLVTVSS,ARVLPMYGDYLDY,DIVMTQSPSSLSASVGDRVTITCRASQSISRYLNWYQQKPGKAPKLLIYAASSLQSGVPSRFSGSGSGTDFTLTISSLQPEDFATYYCQQSYSTPPEYTFGQGTKLEIK,QQSYSTPPEYT
1087266,6XC2,EVQLVESGGGLIQPGGSLRLSCAASGLTVSSNYMSWVRQAPGKGLEWVSVIYSGGSTFYADSVKGRFTISRDNSKNTLYLQMNSLRAEDTAVYYCARDLDVYGLDVWGQGTTVTVSS,ARDLDVYGLDV,DIVMTQSPSFLSASVGDRVTITCRASQGISSYLAWYQQKPGKAPKLLIYAASTLQSGVPSRFSGSGSGTEFTLTISSLQPEDFATYYCQQLNSYPPKFTFGPGTKVEIK,QQLNSYPPKFT
1087267,6XC4,QVQLVESGGGLIQPGGSLRLSCAASGFTVSSNYMSWVRQAPGKGLEWVSVIYSGGSTFYADSVKGRFTISRDNSKSTLYLQMNSLRVEDTAVYYCARDFGDFYFDYWGQGTLVTVSS,ARDFGDFYFDY,EIVLTQSPGTLSLSPGERATLSCRASQSVSSYLAWYQQKPGQAPRLLIYGASSRATGIPDRFSGSGSGTDFTLTISRLEPEDFAVYYCQQYGSSPRTFGQGTKLEIK,QQYGSSPRT
1310038,7JMO,QVQLVETGGGLIQPGGSLRLSCAASGFTVSSNYMSWVRQAPGKGLEWVSVIYSGGSTFYADSVKGRFTISRDNSKNTLYLQMNSLRAEDTAVYYCARDLERAGGMDVWGQGTMVTVSS,ARDLERAGGMDV,EIVMTQSPGTLSLSPGERATLSCRASQSVSSSYLAWYQQKPGQAPRLLIYGASSRATGIPDRFSGSGSGTDFTLTISRLEPEDFAVYYCQQYGSLYTFGQGTKVDIK,QQYGSLYT
1311247,7CHB,EVQLVESGGGLIQPGGSLRLSCAASGITVSSNYMSWVRQAPGKGLEWVSVIYSGGSTDYADSVKGRFTISRDKSKNTLYLQMNSLRAEDTAVYYCARDLGEAGGMDVWGQGTTVTVSS,ARDLGEAGGMDV,AIQLTQSPSSLSASVGDRVTITCRASQGISSYLAWYQQKPGKAPKLLIYAASTLQSGVPSRFSGSGSGTDFTLTISSLQPEDFATYYCQQLNSYPPAFGGGTKVEIK,QQLNSYPPA
1311248,7CH4,EVQLVESGGGLIQPGGSLRLSCAASGIIVSSNYMTWVRQAPGKGLEWVSVIYSGGSTFYADSVKGRFTISRDNSKNTLYLQMSSLRAEDTAVYYCARDLGPYGMDVWGQGTTVTVSS,ARDLGPYGMDV,DIQLTQSPSFLSASVGDRVTITCRASQGISSDLAWYQQKPGKAPNLLIYAASTLQSGVPSRFSGSGSGTEFTLTISSLQPEDFATYYCQQLNSDLYTFGQGTKLEIK,QQLNSDLYT
1311246,7CH5,EVQLVESGGGLIQPGGSLRLSCAASEFIVSRNYMSWVRQAPGKGLEWVSVIYSGGSTYYADSVKGRFTISRDNSKNTLNLQMNSLRAEDTAVYYCARDYGDYYFDYWGQGTLVTVSS,ARDYGDYYFDY,EIVLTQSPGTLSLSPGERATLSCRASQGVSSFLAWYQQKPGQAPRLLIHGASSRATGIPDRFSGSGSGTDFTLTITRLEPEDFAVYYCQQYGSSPRTFGQGTKVEIK,QQYGSSPRT
1314088,7K8M,QVQLVESGGGLIQPGGSLRLSCAASGFIVSSNYMSWVRQAPGKGLEWVSVIYSGGSTFYADSVKGRFTISRDNSKNTLYLQMNSLRAEDTAVYYCARDYGDYYFDYWGQGTLVTVSS,ARDYGDYYFDY,EIVLTQSPGTLSLSPGERATLSCRASQSVSSSYLAWYQQKPGQAPRLLIYGASSRATGIPDRFSGSGSGTDFTLTISRLEPEDFAVYYCQQYGSSPRTFGQGTKVEIK,QQYGSSPRT
1334440,7CDI,EVQLVESGGGLVQPGGSLRLSCAASGITVSSNYMNWVRQAPGKGLEWVSLIYSGGSTYYADSVKGRFTISRDNSKNTLYLQMNSLRAEDTAVYHCARDLVVYGMDVWGQGTTVTVSS,ARDLVVYGMDV,EIVLTQSPGTLSLSPGERATLSCRASQSVSSSYLAWYQQKPGQAPRLLIYGASSRATGIPDRFSGSGSGTDFTLTISRLEPEDFAVYYCQQYGSSPTFGQGTKLEIK,QQYGSSPT
1338222,7JMW,QVQLVQSGAEVKKPGASVKVSCKASGYTFTSYYMHWVRQAPGQGLEWMGIINSSGGSTSYAQKFQGRVTMTRDTSTSTVYMELSSLRSEDTAVYYCARPPRNYYDRSGYYQRAEYFQHWGQGTLVTVSS,ARPPRNYYDRSGYYQRAEYFQH,DIQLTQSPSSLSASVGDRVTITCQASQDISNYLNWYQQRPGKAPKLLIYDASNLETGVPSRFSGSGSGTDFTFTISSLQPEDIATYYCQQYDNPPLTFGGGTKLEIK,QQYDNPPLT
1338212,7KMH,EVQLVESGGGLIQPGGSLRLSCAASGLTVSSNYMSWVRQAPGKGLEWVSVIYSGGSTYYADSVKGRFTISRDNSKNTLYLQMNSLRAEDTAVYYCARSPYGGNSWGQGTLVTVSS,ARSPYGGNS,DIQMTQSPSSLSASVGDRVTITCQASQDISNYLNWYQQKPGKAPKLLIYDASNLETGVPSRFSGSGSGTDFTFTISSLQPEDIATYYCQQYDNLPITFGQGTRLEIK,QQYDNLPIT
1338213,7KMI,EVQLVESGGGLIQPGGSLRLSCAASGFTVSSNYMSWVRQAPGKGLEWVSVIYPGGSTFYADSVKGRFTISRDNSKNTLYLQMNSLRAEDTAVYYCAREVAGTYDYWGQGTLVTVSS,AREVAGTYDY,DIQMTQSPSSVSASVGDRVTITCRASQGISSWLAWYQQKPGKAPKLLIYAASSLQSGVPSRFSGSGSGTDFTLTISSLQPEDFATYYCQQANSFPGGTFGPGTKVDIK,QQANSFPGGT
1335959,7KFY,EVQLVESGGGLIQPGGSLRLSCAASGFTVSSNYMSWVRQAPGKGLEWVSVIYSGGTTYYADSVKGRFTISRDNSKNTLYLQMNSLRAEDTAVYYCARGDVSGYRYGLDYWGQGTLVTVSG,ARGDVSGYRYGLDY,DIQLTQSPSSLSASVGDRVTITCRASQGISSYLAWYQQKPGKAPKLLIYAASTLENGVPSRFSGSGSGTDFTLTISSLQPEDFATYYCQQLNSYPGTFGQGTKLEIK,QQLNSYPGT
1335960,7KFX,EVQLVESGGGLIQPGGSLRLSCAVSGFTVSNNYMSWVRQAPGKGLEWVSVIYSGGTTYYADSVKGRFTISRDNSKNTLYLQMNSLRAEDTAVYYCARGDVSGYRYGLDYWGQGTLVTVSG,ARGDVSGYRYGLDY,DIQLTQSPSSLSAFVGDRVTITCRASEGISSYLAWYQQKPGNAPKLLIYAASTLESGVPSRFSGSGSGTDFTLTISSLQPEDFATYYCQQLNSYPGTFGQGTKLEIK,QQLNSYPGT
1335409,7KLH,EVQLVESGGGLVQPGGSLRLSCAASGFDLGGYSMHWVRQAPGKGLEWVAGIYASGGATAYADSVKGRFTISADTSKNTAYLQMNSLRAEDTAVYYCARSYYYGGFGMDYWGQGTLVTVSS,ARSYYYGGFGMDY,DIQMTQSPSSLSASVGDRVTITCRASQSVSSAVAWYQQKPGKAPKLLIYSASDLYSGVPSRFSGSRSGTDFTLTISSLQPEDFATYYCQQSHTYPITFGQGTKVEIK,QQSHTYPIT
1346822,7BEI,QVQLVESGGGLIQPGGSLRLSCAASGVTVSSNYMSWVRQAPGKGLEWVSIIYSGGTTYYADSVKGRFTISRDSSMNTLYLQMNSLRAEDTAVYYCARDLMVYGIDVWGQGTTVTVSS,ARDLMVYGIDV,EIVMTQSPSSLSASVGDRVTITCRASQGISSYLAWYQQKPGKAPKLLIYAASTLQSGVPSRFSGSGSGTDFTLTISSLQPEDFATYYCQQLDSYPPGYTFGQGTKVDIK,QQLDSYPPGYT
1346821,7BEJ,EVQLLESGGDLIQPGGSLRLSCAASGVTVSSNYMSWVRQAPGKGLEWVSIIYPGGSTFYADSVKGRFTISRDNSKNTLYLQMHSLRAEDTAVYYCARDLGSGDMDVWGKGTTVTVSS,ARDLGSGDMDV,DIVMTQSPSFLSASVGDRVTITCRASQGISSYLAWYQQKPGKAPKLLIQAASTLQSGVPSRFSGSGSGTEFTLTISSLQPEDFATYYCQQLNSYRYTFGQGTKVEIK,QQLNSYRYT
1346823,7BEM,QVQLVESGGGLIQPGGSLRLSCAASGLTVNRNYMSWIRQAPGKGLEWVSVIYSGGSTFYADSVKGRFTISRDNSKNTLSLQMNSLRAEDTAIYYCARDFYEGSFDIWGQGTMVTVSS,ARDFYEGSFDI,AIQLTQSPSFLSASIGDRVTITCRASQGISSYLAWYQQKPGKAPKLLIYAASTLQSGVPSRFSGSGSGTEFTLTISSLQPEDFASYYCQQLNSYPAPVFGPGTKVDIK,QQLNSYPAPV
1347915,7L2C,QVQLVQSGAEVKKPGASVKVSCKVSGYTLIELSMHWVRQAPGKGLEWMGGFDPEDVETIYAQQFQGRVTMTEDTSTDTAYMELSSLRSEDTAVYYCATGWAYKSTWYFGYWGQGTLVTVSS,ATGWAYKSTWYFGY,QSALTQPPSASGSPGQSVTISCTGTSSDVGGYNYVSWYQQHPGKAPKLMIYEVSKRPSGVPDRFSGSKSGNTASLTVSGLQAEDEADYYCSSYAGSRMGFGGGTKLTVL,SSYAGSRMG
1392553,7CJF,EVQLVESGGGLIQPGGSLRLSCAASGFIVSSNYMSWVRQAPGKGLEWVSIIYSGGSTFYADSVKGRFTISRDNSKNTLYLQMNSLRVEDTAVYYCARDLQELGSLDYWGQGTLVTVSS,ARDLQELGSLDY,DIQMTQSPSSVSASVGDRVTITCRASQGISSWLAWYQQKPGKAPKLLIYAASSLQSGVPSRFSGSGSGTDFTLTISSLQPEDFATYYCQEANSFPYTFGQGTKLEIK,QEANSFPYT
1397524,7E86,EVQLVESGGGLVQPGGSLRLSCAASGFIVSSNYMTWVRQAPGKGLEWVSVIYSGGSTFYADSVKGRFTISRHNSKNTLFLQMNSLRAEDTAVYYCARDAQNYGMDVWGQGTTVTVSS,ARDAQNYGMDV,DIQMTQSPSSLSASVGDRVTITCRASQSISSYLNWYQQKPGKAPKLLIFAASSLQTGAPSRFSGSGSGTDFTLTISSLQPEDFATYYCQQSYSTPPYTFGQGTKLEIK,QQSYSTPPYT
1397527,7E7X,QVQVVQSGAEVKKPGASVKVSCKVSGYTLIEISIHWVRQAPGKGLEWMGGFDPEAGETIYAQKFQGRVTMTEDTSTDTAYMEVSSLRSEDTAVYYCATGPAIAAAETNWFDLWGQGTLVTVSS,ATGPAIAAAETNWFDL,QSALTQPASVSGSPGQSITISCTGTSSDVGSYNYVSWYQQHPGKAPKLMIYDVTKRPSGVPDRFSGSKSGNTASLTISGLQAEDEADYYCSSYTSSSTWVFGGGTKLTVL,SSYTSSSTWV
1597632,7N3I,EVQLVESGGGLIQPGGSLRLSCAASGFTVSSNYMSWVRQAPGKGLEWVSVIYSGGSTYYADSVKGRFTISRDNSKNTLYLQMNSLRAEDTAVYYCARDLYSSGGTDIWGQGTMVTVSS,ARDLYSSGGTDI,EIVLTQSPGTLSLSPGERATLSCRASQSVSSSYLAWYQQKPGQAPRLLIYGASSRATGIPDRFSGSGSGTDFTLTISRLEPEDFAVYYCQQYGSSPGTFGQGTKVEIK,QQYGSSPGT
2134982,7CHO,EVQLVESGGGLIQPGGSLRLSCAASGFIVSSNYMSWVRQAPGKGLEWVSIIYSGGSTYYADSVKGRFTISRDNSNNTLYLQMNSLRAEDTAVYYCARALQVGATSDYFDYWGQGTLVTVSS,ARALQVGATSDYFDY,QSVLTQPPSVSGAPGQRVTISCTGSSSNIGAGYDVHWYQQLPGTAPKLLIYGNSNRPSGVPDRFSGSKSGTSASLAITGLQAEDETDYYCQSCDSSLSVVVFGGGTKLTVL,QSCDSSLSVVV
2134977,7CHP,EVQLVESGGGLIQPGGSLRLSCAASGFTVSSNYMSWVRQAPGKGLEWVSFIYSGGSTYYADSVKGRFTISRDNSKNTLYLQMNSLRAEDTAVYYCARDLQEHGMDVWGQGTTVTVSS,ARDLQEHGMDV,DIQLTQSPSSLSASVGDRVTITCRASQGISSYLAWYQQKPGKAPKLLIYAASTLQSGVPSRFSGSGSGTDFTLTISSLQPEDFATYYCQHLNSYPPGYTFGQGTKLEIK,QHLNSYPPGYT
2134997,7CHS,EVQLVESGGGLIQPGGSLRLSCAASGFTVSSNYMSWVRQAPGKGLEWVSVIYSGGSTYYADSVKGRFTISRDNSKNTLYLQMNSLRAEDTAVYYCARDRDYYGMDVWGQGTTVTVSS,ARDRDYYGMDV,DIQLTQSPSFLSASVGDRVTITCRASQGISSYLAWYQQKPGKAPKLLIYAASTLQSGVPSRFSGSGSGTEFTLTISSLQPEDFATYYCLHLNSYRTFGLGTKVEIK,LHLNSYRT
2134973,7B3O,QVQLVESGGGLVQPGGSLRLSCAASGLTVSSNYMSWVRQAPGKGLEWVSVIYSGGSTYYADSVKGRFTISRDDSKNTLYLQMNSLRAEDTAVYYCARDVADAFDIWGQGTMVTVSS,ARDVADAFDI,DIVMTQSPSFLSASVGDRVTITCRASQGISSYLAWYQQKPGKAPKLLIYAASTLQSGVPSRFSGSGSGTEFTLTISSLQPEDFATYYCQQLNSYPPFTFGPGTKVDIK,QQLNSYPPFT
2134978,7E5Y,EVQLVESGGGLVQPGGSLRLSCAASEITVSSNYMNWVRQAPGKGLEWVSVIYSGGTTYYADSVKGRFTISRDNSENTLYLQMNSLRAEDTAVYYCARDLMEVGGMDVWGQGTTVTVSS,ARDLMEVGGMDV,LPVLTQPPSASGTPGQRVTISCSGSSSNVENDNVNWFQQQVPGSTPKLVIYNDRLRPSGVPDRFSGSKSGTSAYLAISGLQSEDEADYYCVAWDASLQSYVFGTGTKVTVL,VAWDASLQSYV
2060661,7U2E,EVQLVESGGGLVKPGGSLRLSCAASGFTFSSYYMNWVRQAPGKGLEWVSSISSDGYNTYYPDSLKGRFTISRDSAKNSLYLQMNSLRADDTAVYYCARDFSGHTAVAGTGFEYWGQGTLVTVSS,ARDFSGHTAVAGTGFEY,QPVLTQPPSVSGAPGQRITISCTGSSSNIGAGYDVHWYQQLPGTAPKLLIYGSSSRPSGVPDRFSGSKSGTSASLAITGLQAEDEADYYCQSYDSSLSVLYVFGTGTKVTVL,QSYDSSLSVLYV
2060664,7U2D,EVQLVESGGGLVKPGGSLRLSCAASGFTFSSYYMNWVRQAPGKGLEWVSSISEDGYSTYYPDSLKGRFTISRDSAKNSLYLQMNSLRADDTAVYYCARDFSGHTAWAGTGFEYWGQGTLVTVSS,ARDFSGHTAWAGTGFEY,QPVLTQPPSVSGAPGQRITISCTGSSSNIGAGYDVHWYQQLPGTAPKLLIYGSSSRNSGVPDRFSGSKSGTSASLAITGLQAEDEADYYCQSYDSSLSVLYTFGTGTKVTVL,QSYDSSLSVLYT
2135057,7SD5,QLQLQESGPGLVKPSETLSLTCTVSGGSISSSNFYWGWIRQPPGKGLEWIASITYSGRTFYNPSLKSRVAISVDTSKNQFSLKLSSVTAADTAVYYCARTFPSYYDRSGYHYLNYGMDVWGQGTTVTVSS,ARTFPSYYDRSGYHYLNYGMDV,NFMLTQPHSMSESPGKTVTISCTRSSGSIASNYVQWYQQRPGSSPTTVIYEDNQRPSGVPDRFSGSIDSSSNSASLTISGLKTEDEADYYCQSYDSSSWVFGGGTKLTVL,QSYDSSSWV
2135060,7FCQ,QVQLVQSGAEVKKPGASVKVSCKASGYIFTSYSMHWVRQAPGQGLEWMGTIKPSDDSTNYAQKFQGRVSMTRDTSTSTVYMELSSLRYEDTAVYYCAREARGYYDRSGYYHPGYFDYWGQGTLVTVSS,AREARGYYDRSGYYHPGYFDY,QSVLTQPASVSGSPGQSITISCTGTSSDVGGYNFVSWYQQHPGKAPKLMIYEVSDRPSGVSSRFSGSKSGNTASLTISGLQAEDEADYYCFSYTTSTTWVFGGGTKLTVL,FSYTTSTTWV
2144729,7WBZ,EVQLVESGGGLVQPGGSLRLSCAASGFTVRSNYMSWVRQAPGKGLEWVSLIYSGGSTYYADSVKGRFIISRDNSKNTLYLQMNSLRAEDTAVYYCARDLAVYGMDVWGQGTTVTVSS,ARDLAVYGMDV,DIQLTQSPSFLSASVGDRVTITCRASQGISSYLAWYQQKPGKAPKLLIYGASTLQSGVPSRFSGSGSGTEFKLTISSLQPEDFATYYCQQLNNYPPVTFGQGTRLEIK,QQLNNYPPVT
2186582,7T72,EVQLVQSGGDLVQPGGSLRLSCAVSGFTVSRNYMTWVRQAPGRGLEWVSLIYPGGSAFYADSVKGRFTISRDNSKNTLYLQMNSLRVEDTAVYYCARDPVSTGHYHDSDYWGQGTLVTVSS,ARDPVSTGHYHDSDY,DIQMTQSPSALSASVGDRVTITCQASQDINKFLNWYQQKPGKAPKLLIYDASNLETGVPSRFSGGGSGTDFTFTISSLQPEDIATYYCHQYDNLPRTFGQGTKVELK,HQYDNLPRT
2217933,7UL1,EVQLVESGGGLVQPGGSLRLSCAASGITVSSNYMTWVRQAPGKGLEWVSVIYSGGSTFYADSVRGRFTISRDNSKNTLYLQMNSLRAEDTAVYYCARDLEMAGAFDIWGQGTMVTVSS,ARDLEMAGAFDI,EIVLTQSPGTLSLSPGERATLSCRASQSVSSSYLAWYQQKPGQAPRLLIYGASSRATGIPDRFSGSGSGTDFTLTISRLEPEDSAVYYCQQYGSSYTFGQGTKLEIK,QQYGSSYT
2218457,7XS8,VQLVESGGGLIQPGGSLRLSCAASGITVSSNYMTWVRQPPGKGLEWVSVIYSGGSTFYADPVKGRFTISRDNSRNTLYLQMNSLRAEDTAVYYCARDLQVYGMDVWGQGTTVTVSS,ARDLQVYGMDV,IQLTQSPSFLSASVGDRVTITCRASQGISNFLAWYQQKPGKAPKLLIYAASTLQGGVPSTFSGSGSGTEFTLTISSLQPEDFATYYCQHLNDYPLFGGGTRVEIK,QHLNDYPL
2218456,7XSC,EVQLVESGGGLIQPGGSLRLSCVVSGFTVSSNYMSWIRQAPGKGLEWVSVIYSGGSTFYADSVKGRFTISRDSSQNTLYLQMNSLRAEDTAVYYCARHPYGDHAWGQGTLVTVSS,ARHPYGDHA,DIQMTQSPSPLSASVGDRVTITCQASQDIRNFLNWYQQKPGKAPKLLIHDASKLEAGVPSRFSGSGSGTDFTFTISSLQPEDIATYYCQQYDNLPLTFGGGTKVEIK,QQYDNLPLT
